Cohort Month,1,2,3,4,5,6,7,8,9,10,11,12,13,14,15,16,17,18,19,20,21,22,23,24,25,26,27,28,29,30,31,32,33,34,35,36,37,38,39,40,41,42,43,44,45,46,47,48
2015-01,1.0,0.06666666666666667,,0.06666666666666667,0.06666666666666667,,0.06666666666666667,0.1,0.1,0.1,0.16666666666666666,0.1,0.1,,0.1,0.1,0.1,0.13333333333333333,0.1,0.06666666666666667,0.13333333333333333,,0.2,0.13333333333333333,0.06666666666666667,0.03333333333333333,0.16666666666666666,0.1,0.1,0.16666666666666666,0.03333333333333333,0.03333333333333333,0.3333333333333333,0.06666666666666667,0.3,0.2,0.16666666666666666,0.03333333333333333,0.16666666666666666,0.1,0.16666666666666666,0.1,0.03333333333333333,0.06666666666666667,0.26666666666666666,0.3,0.3333333333333333,0.2
2015-02,1.0,0.16,0.08,0.04,,0.08,0.08,0.16,0.12,0.12,0.2,0.04,,0.08,0.08,0.08,0.08,0.12,,0.24,0.08,0.12,0.08,,0.12,0.04,0.08,0.16,,0.12,0.16,0.16,0.16,0.16,0.16,0.16,0.12,0.2,0.08,0.08,0.24,0.08,0.12,0.16,0.24,0.24,0.12,
2015-03,1.0,0.06349206349206349,0.031746031746031744,0.12698412698412698,0.1111111111111111,,0.1111111111111111,0.07936507936507936,0.09523809523809523,0.09523809523809523,0.015873015873015872,0.031746031746031744,0.09523809523809523,0.047619047619047616,0.07936507936507936,0.06349206349206349,0.031746031746031744,0.07936507936507936,0.12698412698412698,0.15873015873015872,0.19047619047619047,0.1746031746031746,0.06349206349206349,0.06349206349206349,0.09523809523809523,0.1111111111111111,0.12698412698412698,0.09523809523809523,0.14285714285714285,0.07936507936507936,0.1746031746031746,0.1111111111111111,0.19047619047619047,0.12698412698412698,0.015873015873015872,0.047619047619047616,0.09523809523809523,0.1746031746031746,0.20634920634920634,0.14285714285714285,0.19047619047619047,0.09523809523809523,0.30158730158730157,0.09523809523809523,0.2857142857142857,0.2222222222222222,,
2015-04,1.0,0.11320754716981132,0.018867924528301886,0.05660377358490566,0.03773584905660377,0.1509433962264151,0.09433962264150944,0.16981132075471697,0.1509433962264151,0.018867924528301886,0.05660377358490566,0.09433962264150944,0.1509433962264151,0.18867924528301888,0.09433962264150944,0.05660377358490566,0.09433962264150944,0.1320754716981132,0.05660377358490566,0.2641509433962264,0.20754716981132076,0.05660377358490566,0.03773584905660377,0.09433962264150944,0.09433962264150944,0.11320754716981132,0.1509433962264151,0.1509433962264151,0.07547169811320754,0.20754716981132076,0.09433962264150944,0.2641509433962264,0.2641509433962264,0.05660377358490566,0.05660377358490566,0.2641509433962264,0.05660377358490566,0.18867924528301888,0.09433962264150944,0.1320754716981132,0.1320754716981132,0.2641509433962264,0.1509433962264151,0.22641509433962265,0.22641509433962265,,,
2015-05,1.0,0.09090909090909091,0.09090909090909091,0.07272727272727272,0.18181818181818182,0.03636363636363636,0.2,0.18181818181818182,0.07272727272727272,0.05454545454545454,0.05454545454545454,0.10909090909090909,0.03636363636363636,0.09090909090909091,0.03636363636363636,0.09090909090909091,0.14545454545454545,0.10909090909090909,0.2,0.14545454545454545,0.09090909090909091,0.03636363636363636,0.05454545454545454,0.12727272727272726,0.12727272727272726,0.09090909090909091,0.09090909090909091,0.07272727272727272,0.2,0.14545454545454545,0.21818181818181817,0.23636363636363636,0.07272727272727272,0.05454545454545454,0.05454545454545454,0.09090909090909091,0.07272727272727272,0.18181818181818182,0.12727272727272726,0.09090909090909091,0.2909090909090909,0.12727272727272726,0.3090909090909091,0.16363636363636364,,,,
2015-06,1.0,0.0425531914893617,0.02127659574468085,0.0851063829787234,0.0425531914893617,0.19148936170212766,0.1702127659574468,0.02127659574468085,0.0851063829787234,0.1276595744680851,0.0851063829787234,0.0851063829787234,0.0851063829787234,0.10638297872340426,0.1276595744680851,0.10638297872340426,0.1276595744680851,0.3404255319148936,0.1702127659574468,0.06382978723404255,0.0425531914893617,0.19148936170212766,0.10638297872340426,0.0851063829787234,0.10638297872340426,0.06382978723404255,0.0425531914893617,0.23404255319148937,0.2127659574468085,0.14893617021276595,0.2978723404255319,0.06382978723404255,0.06382978723404255,0.06382978723404255,0.1276595744680851,0.19148936170212766,0.1702127659574468,0.10638297872340426,0.06382978723404255,0.2553191489361702,0.14893617021276595,0.3191489361702128,0.23404255319148937,,,,,
2015-07,1.0,0.13953488372093023,0.11627906976744186,,0.11627906976744186,0.18604651162790697,0.046511627906976744,,0.18604651162790697,0.046511627906976744,0.16279069767441862,0.16279069767441862,0.11627906976744186,,0.09302325581395349,0.09302325581395349,0.11627906976744186,0.16279069767441862,0.046511627906976744,0.046511627906976744,0.09302325581395349,0.11627906976744186,0.13953488372093023,0.13953488372093023,0.09302325581395349,0.20930232558139536,0.16279069767441862,0.11627906976744186,0.2558139534883721,0.23255813953488372,0.06976744186046512,0.16279069767441862,0.09302325581395349,0.13953488372093023,0.16279069767441862,0.20930232558139536,0.09302325581395349,0.13953488372093023,0.2558139534883721,0.18604651162790697,0.3023255813953488,0.20930232558139536,,,,,,
2015-08,1.0,0.16,0.06,0.22,0.1,0.06,0.08,0.04,0.1,0.06,0.1,0.12,0.04,0.18,0.14,0.14,0.26,0.04,0.02,0.08,0.06,0.14,0.12,0.14,0.18,0.28,0.1,0.22,0.22,0.04,0.08,0.06,0.16,0.14,0.14,0.18,0.16,0.2,0.24,0.22,0.22,,,,,,,
2015-09,1.0,0.1323529411764706,0.11764705882352941,0.16176470588235295,0.014705882352941176,0.029411764705882353,0.11764705882352941,0.14705882352941177,0.1323529411764706,0.029411764705882353,0.08823529411764706,0.11764705882352941,0.17647058823529413,0.08823529411764706,0.19117647058823528,0.22058823529411764,0.029411764705882353,0.07352941176470588,0.1323529411764706,0.07352941176470588,0.1323529411764706,0.11764705882352941,0.10294117647058823,0.058823529411764705,0.17647058823529413,0.04411764705882353,0.22058823529411764,0.17647058823529413,0.04411764705882353,0.029411764705882353,0.11764705882352941,0.1323529411764706,0.10294117647058823,0.16176470588235295,0.17647058823529413,0.1323529411764706,0.22058823529411764,0.14705882352941177,0.23529411764705882,0.17647058823529413,,,,,,,,
2015-10,1.0,0.06976744186046512,0.11627906976744186,0.023255813953488372,0.06976744186046512,0.09302325581395349,0.11627906976744186,0.09302325581395349,0.06976744186046512,0.09302325581395349,0.09302325581395349,0.18604651162790697,0.09302325581395349,0.18604651162790697,0.11627906976744186,0.046511627906976744,0.06976744186046512,0.11627906976744186,0.16279069767441862,0.23255813953488372,0.13953488372093023,0.09302325581395349,0.11627906976744186,0.2558139534883721,0.18604651162790697,0.11627906976744186,0.18604651162790697,0.09302325581395349,0.09302325581395349,0.13953488372093023,0.11627906976744186,0.13953488372093023,0.23255813953488372,0.18604651162790697,0.11627906976744186,0.2558139534883721,0.16279069767441862,0.3023255813953488,0.32558139534883723,,,,,,,,,
2015-11,1.0,0.2222222222222222,,0.047619047619047616,0.07936507936507936,0.06349206349206349,0.031746031746031744,0.09523809523809523,0.047619047619047616,0.07936507936507936,0.14285714285714285,0.07936507936507936,0.2222222222222222,0.23809523809523808,0.031746031746031744,0.06349206349206349,0.07936507936507936,0.12698412698412698,0.047619047619047616,0.09523809523809523,0.1111111111111111,0.07936507936507936,0.23809523809523808,0.07936507936507936,0.14285714285714285,0.23809523809523808,0.06349206349206349,0.047619047619047616,0.20634920634920634,0.19047619047619047,0.1746031746031746,0.1111111111111111,0.07936507936507936,0.14285714285714285,0.23809523809523808,0.20634920634920634,0.30158730158730157,0.3492063492063492,,,,,,,,,,
2015-12,1.0,0.04081632653061224,0.08163265306122448,0.08163265306122448,0.04081632653061224,0.04081632653061224,0.08163265306122448,0.12244897959183673,0.10204081632653061,0.20408163265306123,0.10204081632653061,0.12244897959183673,0.1836734693877551,0.08163265306122448,0.02040816326530612,0.10204081632653061,0.12244897959183673,0.10204081632653061,0.12244897959183673,0.10204081632653061,0.14285714285714285,0.24489795918367346,0.08163265306122448,0.2653061224489796,0.22448979591836735,0.08163265306122448,0.061224489795918366,0.08163265306122448,0.10204081632653061,0.16326530612244897,0.12244897959183673,0.14285714285714285,0.16326530612244897,0.20408163265306123,0.1836734693877551,0.30612244897959184,0.30612244897959184,,,,,,,,,,,
2016-01,1.0,,0.125,,0.125,,0.25,,,0.125,0.125,0.125,0.125,,,0.125,0.125,,,0.125,,0.125,0.25,0.125,,0.125,0.25,0.375,0.25,0.25,0.125,0.25,,0.25,,0.25,,,,,,,,,,,,
2016-02,1.0,,0.125,,,0.125,,0.375,,,0.125,,0.125,,,0.125,,0.25,,0.25,0.125,0.125,0.125,0.125,,,0.125,0.625,,,0.25,0.125,0.25,0.25,0.375,,,,,,,,,,,,,
2016-03,1.0,0.058823529411764705,0.058823529411764705,0.17647058823529413,0.058823529411764705,0.058823529411764705,0.17647058823529413,0.058823529411764705,0.11764705882352941,0.058823529411764705,0.058823529411764705,0.11764705882352941,0.058823529411764705,0.058823529411764705,0.17647058823529413,0.11764705882352941,,0.058823529411764705,0.4117647058823529,0.17647058823529413,0.29411764705882354,0.29411764705882354,0.35294117647058826,0.058823529411764705,0.058823529411764705,0.11764705882352941,0.11764705882352941,0.058823529411764705,,0.23529411764705882,,0.17647058823529413,0.29411764705882354,0.17647058823529413,,,,,,,,,,,,,,
2016-04,1.0,,,0.08333333333333333,,0.08333333333333333,0.16666666666666666,0.16666666666666666,,,0.08333333333333333,,,,0.08333333333333333,0.25,0.08333333333333333,0.4166666666666667,0.08333333333333333,0.25,0.16666666666666666,0.16666666666666666,,,0.08333333333333333,,0.25,0.25,0.16666666666666666,0.25,0.3333333333333333,0.08333333333333333,0.25,,,,,,,,,,,,,,,
2016-05,1.0,,,0.08333333333333333,0.16666666666666666,,0.16666666666666666,0.16666666666666666,0.08333333333333333,0.08333333333333333,0.25,0.16666666666666666,0.08333333333333333,0.16666666666666666,0.08333333333333333,0.25,0.25,0.16666666666666666,0.16666666666666666,0.08333333333333333,0.08333333333333333,,0.25,0.08333333333333333,,0.25,0.08333333333333333,,0.5,0.16666666666666666,0.25,0.16666666666666666,,,,,,,,,,,,,,,,
2016-06,1.0,0.08333333333333333,0.08333333333333333,0.3333333333333333,0.08333333333333333,0.25,0.16666666666666666,,0.08333333333333333,0.25,0.08333333333333333,,0.4166666666666667,0.08333333333333333,,0.16666666666666666,0.25,0.25,0.16666666666666666,0.08333333333333333,0.08333333333333333,0.4166666666666667,,0.08333333333333333,,0.16666666666666666,0.16666666666666666,0.25,0.16666666666666666,0.3333333333333333,0.25,,,,,,,,,,,,,,,,,
2016-07,1.0,,,0.25,0.375,0.125,,0.25,,,,0.125,0.125,,,0.125,0.25,0.125,0.125,,0.125,0.125,0.125,0.25,,0.25,0.25,,0.375,0.125,,,,,,,,,,,,,,,,,,
2016-08,1.0,0.23076923076923078,0.07692307692307693,0.15384615384615385,0.3076923076923077,,,,,0.07692307692307693,0.15384615384615385,0.07692307692307693,,0.3076923076923077,0.15384615384615385,0.23076923076923078,0.23076923076923078,,0.07692307692307693,0.23076923076923078,0.3076923076923077,,0.15384615384615385,0.15384615384615385,0.07692307692307693,0.38461538461538464,0.15384615384615385,0.23076923076923078,0.15384615384615385,,,,,,,,,,,,,,,,,,,
2016-09,1.0,0.11764705882352941,0.23529411764705882,0.058823529411764705,0.23529411764705882,0.058823529411764705,0.17647058823529413,0.11764705882352941,0.058823529411764705,,0.058823529411764705,0.35294117647058826,0.23529411764705882,0.17647058823529413,0.17647058823529413,0.11764705882352941,,0.17647058823529413,0.17647058823529413,0.35294117647058826,0.23529411764705882,0.17647058823529413,,0.23529411764705882,0.4117647058823529,0.17647058823529413,0.23529411764705882,0.23529411764705882,,,,,,,,,,,,,,,,,,,,
2016-10,1.0,,0.4,,,0.1,,0.1,,0.1,,0.2,,0.1,0.1,0.2,0.1,0.1,0.3,,,0.2,0.1,0.3,0.1,0.1,0.3,,,,,,,,,,,,,,,,,,,,,
2016-11,1.0,0.09090909090909091,0.09090909090909091,,,,0.09090909090909091,0.09090909090909091,0.18181818181818182,0.18181818181818182,0.09090909090909091,0.18181818181818182,0.18181818181818182,0.18181818181818182,,0.18181818181818182,0.2727272727272727,,,,,0.18181818181818182,0.36363636363636365,0.09090909090909091,0.45454545454545453,0.5454545454545454,,,,,,,,,,,,,,,,,,,,,,
2016-12,1.0,0.07692307692307693,,0.07692307692307693,0.15384615384615385,0.15384615384615385,,0.23076923076923078,0.07692307692307693,0.23076923076923078,0.15384615384615385,0.15384615384615385,0.07692307692307693,0.07692307692307693,,0.23076923076923078,0.15384615384615385,,0.07692307692307693,0.15384615384615385,0.15384615384615385,0.07692307692307693,0.07692307692307693,0.3076923076923077,0.23076923076923078,,,,,,,,,,,,,,,,,,,,,,,
2017-01,1.0,0.16666666666666666,,0.16666666666666666,,0.16666666666666666,0.16666666666666666,0.16666666666666666,,0.16666666666666666,0.16666666666666666,,,0.16666666666666666,0.3333333333333333,,0.3333333333333333,,0.3333333333333333,0.3333333333333333,0.3333333333333333,,0.16666666666666666,0.3333333333333333,,,,,,,,,,,,,,,,,,,,,,,,
2017-02,1.0,,0.5,,,,,,0.5,0.5,,0.5,,0.5,,,,,0.5,1.0,,,,,,,,,,,,,,,,,,,,,,,,,,,,
2017-03,1.0,,0.5,,0.5,,0.16666666666666666,0.16666666666666666,0.16666666666666666,0.16666666666666666,0.5,0.16666666666666666,0.16666666666666666,0.3333333333333333,0.3333333333333333,0.16666666666666666,,0.16666666666666666,0.16666666666666666,0.16666666666666666,0.6666666666666666,0.3333333333333333,,,,,,,,,,,,,,,,,,,,,,,,,,
2017-04,1.0,0.25,,0.125,0.25,0.5,,0.125,,0.25,,0.25,0.125,,,0.25,,0.125,0.125,0.125,0.25,,,,,,,,,,,,,,,,,,,,,,,,,,,
2017-05,1.0,,0.14285714285714285,0.2857142857142857,0.14285714285714285,0.14285714285714285,0.2857142857142857,0.14285714285714285,0.2857142857142857,0.14285714285714285,0.2857142857142857,0.14285714285714285,0.14285714285714285,0.2857142857142857,,,0.2857142857142857,0.14285714285714285,0.2857142857142857,0.2857142857142857,,,,,,,,,,,,,,,,,,,,,,,,,,,,
2017-06,1.0,0.14285714285714285,0.2857142857142857,0.2857142857142857,,0.14285714285714285,0.14285714285714285,,,0.14285714285714285,,,0.14285714285714285,,0.14285714285714285,0.2857142857142857,,0.14285714285714285,0.2857142857142857,,,,,,,,,,,,,,,,,,,,,,,,,,,,,
2017-07,1.0,,,,,,,,,0.5,,,,,,,0.5,,,,,,,,,,,,,,,,,,,,,,,,,,,,,,,
2017-08,1.0,,,,,0.25,,0.25,0.5,0.5,0.25,,,0.25,,0.5,0.75,,,,,,,,,,,,,,,,,,,,,,,,,,,,,,,
2017-09,1.0,1.0,,,1.0,,1.0,,,,,,1.0,,,1.0,,,,,,,,,,,,,,,,,,,,,,,,,,,,,,,,
2017-10,1.0,,1.0,,,,,,,,1.0,1.0,1.0,,1.0,,,,,,,,,,,,,,,,,,,,,,,,,,,,,,,,,
2017-11,1.0,,0.16666666666666666,,0.16666666666666666,0.16666666666666666,,,,,,0.16666666666666666,0.3333333333333333,0.5,,,,,,,,,,,,,,,,,,,,,,,,,,,,,,,,,,
2017-12,1.0,,,,,,,,,,0.5,,0.5,,,,,,,,,,,,,,,,,,,,,,,,,,,,,,,,,,,
2018-03,1.0,,,0.3333333333333333,0.3333333333333333,0.3333333333333333,,0.3333333333333333,,,,,,,,,,,,,,,,,,,,,,,,,,,,,,,,,,,,,,,,
2018-04,1.0,,,,,,,,,,,,,,,,,,,,,,,,,,,,,,,,,,,,,,,,,,,,,,,
2018-06,1.0,,,,,,1.0,,,,,,,,,,,,,,,,,,,,,,,,,,,,,,,,,,,,,,,,,
2018-07,1.0,,,,,0.5,,,,,,,,,,,,,,,,,,,,,,,,,,,,,,,,,,,,,,,,,,
2018-09,1.0,,,,,,,,,,,,,,,,,,,,,,,,,,,,,,,,,,,,,,,,,,,,,,,
2018-10,1.0,,,,,,,,,,,,,,,,,,,,,,,,,,,,,,,,,,,,,,,,,,,,,,,
2018-11,1.0,,,,,,,,,,,,,,,,,,,,,,,,,,,,,,,,,,,,,,,,,,,,,,,
