Sub-Category A,Sub-Category B,Orders Together,Support,Confidence A→B,Confidence B→A,Lift
Fasteners,Machines,8,0.0016253555465258025,0.03773584905660377,0.07142857142857142,1.6583557951482477
Copiers,Supplies,4,0.0008126777732629012,0.06060606060606061,0.022099447513812154,1.6480830403482336
Appliances,Copiers,9,0.0018285249898415277,0.02027027027027027,0.13636363636363635,1.5116707616707614
Appliances,Supplies,24,0.004876066639577408,0.05405405405405406,0.13259668508287292,1.4699119008511274
Fasteners,Supplies,11,0.0022348638764729785,0.05188679245283019,0.06077348066298342,1.4109767538830398
Furnishings,Machines,27,0.005485574969524584,0.031578947368421054,0.24107142857142858,1.3877819548872183
Accessories,Machines,22,0.004469727752945957,0.03133903133903134,0.19642857142857142,1.377238502238502
Bookcases,Labels,21,0.004266558309630231,0.0945945945945946,0.061764705882352944,1.3693958664546897
Labels,Supplies,17,0.00345388053636733,0.05,0.09392265193370165,1.3596685082872928
Chairs,Machines,17,0.00345388053636733,0.030035335689045935,0.15178571428571427,1.3199457344775365
Copiers,Envelopes,4,0.0008126777732629012,0.06060606060606061,0.01646090534979424,1.227584486843746
Bookcases,Supplies,10,0.0020316944331572532,0.04504504504504504,0.055248618784530384,1.2249265840426062
Copiers,Paper,19,0.0038602194229987808,0.2878787878787879,0.01633705932932072,1.2183485760441908
Machines,Storage,21,0.004266558309630231,0.1875,0.0274869109947644,1.2079515706806283
Machines,Phones,22,0.004469727752945957,0.19642857142857142,0.0273972602739726,1.2040117416829745
Bookcases,Machines,6,0.001219016659894352,0.02702702702702703,0.05357142857142857,1.1877413127413128
Chairs,Copiers,9,0.0018285249898415277,0.015901060070671377,0.13636363636363635,1.1858336010279473
Copiers,Storage,12,0.002438033319788704,0.18181818181818182,0.015706806282722512,1.1713469776297
Bookcases,Phones,42,0.008533116619260463,0.1891891891891892,0.052303860523038606,1.1596378445693512
Fasteners,Paper,57,0.011580658268996343,0.2688679245283019,0.049011177987962166,1.1378915946073103
Labels,Storage,59,0.011986997155627793,0.17352941176470588,0.07722513089005235,1.1179473360024639
Appliances,Tables,30,0.006095083299471759,0.06756756756756757,0.09933774834437085,1.101217111150886
Appliances,Fasteners,21,0.004266558309630231,0.0472972972972973,0.09905660377358491,1.0981004589495154
Binders,Copiers,19,0.0038602194229987808,0.01471727343144849,0.2878787878787879,1.0975518155998403
Binders,Fasteners,61,0.012393336042259244,0.047250193648334625,0.28773584905660377,1.0970068544202973
