Month Start,Sales,Lower Bound,Upper Bound,Anomaly
2015-01-01,14205.707,-22533.672125000005,116547.353875,False
2015-02-01,4519.892,-22533.672125000005,116547.353875,False
2015-03-01,55205.797,-22533.672125000005,116547.353875,False
2015-04-01,27906.855,-22533.672125000005,116547.353875,False
2015-05-01,23644.303,-22533.672125000005,116547.353875,False
2015-06-01,34322.9356,-22533.672125000005,116547.353875,False
2015-07-01,33781.543,-22533.672125000005,116547.353875,False
2015-08-01,27117.5365,-22533.672125000005,116547.353875,False
2015-09-01,81623.5268,-22533.672125000005,116547.353875,False
2015-10-01,31453.393,-22533.672125000005,116547.353875,False
2015-11-01,77907.66070000001,-22533.672125000005,116547.353875,False
2015-12-01,68167.0585,-22533.672125000005,116547.353875,False
2016-01-01,18066.9576,-22533.672125000005,116547.353875,False
2016-02-01,11951.411,-22533.672125000005,116547.353875,False
2016-03-01,32339.3184,-22533.672125000005,116547.353875,False
2016-04-01,34154.4685,-22533.672125000005,116547.353875,False
2016-05-01,29959.5305,-22533.672125000005,116547.353875,False
2016-06-01,23599.374,-22533.672125000005,116547.353875,False
2016-07-01,28608.259000000002,-22533.672125000005,116547.353875,False
2016-08-01,36818.3422,-22533.672125000005,116547.353875,False
2016-09-01,63133.606,-22533.672125000005,116547.353875,False
2016-10-01,31011.7375,-22533.672125000005,116547.353875,False
2016-11-01,75249.3995,-22533.672125000005,116547.353875,False
2016-12-01,74543.6012,-22533.672125000005,116547.353875,False
2017-01-01,18542.490999999998,-22533.672125000005,116547.353875,False
2017-02-01,22978.815,-22533.672125000005,116547.353875,False
2017-03-01,51165.059,-22533.672125000005,116547.353875,False
2017-04-01,38679.767,-22533.672125000005,116547.353875,False
2017-05-01,56656.908,-22533.672125000005,116547.353875,False
2017-06-01,39724.486,-22533.672125000005,116547.353875,False
2017-07-01,38320.783,-22533.672125000005,116547.353875,False
2017-08-01,30542.2003,-22533.672125000005,116547.353875,False
2017-09-01,69193.3909,-22533.672125000005,116547.353875,False
2017-10-01,59583.033,-22533.672125000005,116547.353875,False
2017-11-01,79066.4958,-22533.672125000005,116547.353875,False
2017-12-01,95739.121,-22533.672125000005,116547.353875,False
2018-01-01,43476.474,-22533.672125000005,116547.353875,False
2018-02-01,19920.9974,-22533.672125000005,116547.353875,False
2018-03-01,58863.4128,-22533.672125000005,116547.353875,False
2018-04-01,35541.9101,-22533.672125000005,116547.353875,False
2018-05-01,43825.9822,-22533.672125000005,116547.353875,False
2018-06-01,48190.7277,-22533.672125000005,116547.353875,False
2018-07-01,44825.104,-22533.672125000005,116547.353875,False
2018-08-01,62837.848,-22533.672125000005,116547.353875,False
2018-09-01,86152.888,-22533.672125000005,116547.353875,False
2018-10-01,77448.1312,-22533.672125000005,116547.353875,False
2018-11-01,117938.155,-22533.672125000005,116547.353875,True
2018-12-01,83030.3888,-22533.672125000005,116547.353875,False
