Product ID,Product Name,Category,Sub-Category,Sales
TEC-CO-10004722,Canon imageCLASS 2200 Advanced Copier,Technology,Copiers,61599.824
OFF-BI-10003527,Fellowes PB500 Electric Punch Plastic Comb Binding Machine with Manual Bind,Office Supplies,Binders,27453.384000000002
TEC-MA-10002412,Cisco TelePresence System EX90 Videoconferencing Unit,Technology,Machines,22638.48
FUR-CH-10002024,HON 5400 Series Task Chairs for Big and Tall,Furniture,Chairs,21870.576
OFF-BI-10001359,GBC DocuBind TL300 Electric Binding System,Office Supplies,Binders,19823.479
OFF-BI-10000545,GBC Ibimaster 500 Manual ProClick Binding System,Office Supplies,Binders,19024.5
TEC-CO-10001449,Hewlett Packard LaserJet 3310 Copier,Technology,Copiers,18839.686
TEC-MA-10001127,"HP Designjet T520 Inkjet Large Format Printer - 24"" Color",Technology,Machines,18374.895
OFF-BI-10004995,GBC DocuBind P400 Electric Binding System,Office Supplies,Binders,17965.068
OFF-SU-10000151,High Speed Automatic Electric Letter Opener,Office Supplies,Supplies,17030.311999999998
TEC-MA-10000822,Lexmark MX611dhe Monochrome Laser Printer,Technology,Machines,16829.901
OFF-SU-10002881,Martin Yale Chadless Opener Electric Letter Opener,Office Supplies,Supplies,16656.2
OFF-BI-10001120,Ibico EPK-21 Electric Binding System,Office Supplies,Binders,15875.916000000001
FUR-BO-10004834,"Riverside Palais Royal Lawyers Bookcase, Royale Cherry Finish",Furniture,Bookcases,15610.9656
TEC-MA-10001047,"3D Systems Cube Printer, 2nd Generation, Magenta",Technology,Machines,14299.89
TEC-PH-10001459,Samsung Galaxy Mega 6.3,Technology,Phones,13943.668
TEC-PH-10002885,Apple iPhone 5,Technology,Phones,12996.600000000002
FUR-TA-10003473,Bretford Rectangular Conference Table Tops,Furniture,Tables,12995.2915
FUR-CH-10001215,Global Troy Executive Leather Low-Back Tilter,Furniture,Chairs,12975.382
FUR-CH-10004287,SAFCO Arco Folding Chair,Furniture,Chairs,11572.78
TEC-MA-10000418,Cubify CubeX 3D Printer Double Head Print,Technology,Machines,11099.963
FUR-BO-10002213,DMI Eclipse Executive Suite Bookcases,Furniture,Bookcases,11046.609
TEC-AC-10003033,Plantronics CS510 - Over-the-Head monaural Wireless Headset System,Technology,Accessories,10822.36
FUR-CH-10000454,"Hon Deluxe Fabric Upholstered Stacking Chairs, Rounded Back",Furniture,Chairs,10637.528
TEC-AC-10003832,LogitechÂ P710e Mobile Speakerphone,Technology,Accessories,10196.604
