Customer ID,Customer Name,Sales
SM-20320,Sean Miller,25043.05
TC-20980,Tamara Chand,19052.218
RB-19360,Raymond Buch,15117.339
TA-21385,Tom Ashbrook,14595.62
AB-10105,Adrian Barton,14473.570999999998
KL-16645,Ken Lonsdale,14175.229000000001
SC-20095,Sanjit Chand,14142.333999999999
HL-15040,Hunter Lopez,12873.297999999999
SE-20110,Sanjit Engle,12209.438000000002
CC-12370,Christopher Conant,12129.072000000002
TS-21370,Todd Sumrall,11891.751
GT-14710,Greg Tran,11820.119999999999
BM-11140,Becky Martin,11789.63
SV-20365,Seth Vernon,11470.949999999999
CJ-12010,Caroline Jumper,11164.974
CL-12565,Clay Ludtke,10880.546
ME-17320,Maria Etezadi,10663.728000000001
KF-16285,Karen Ferguson,10604.266
BS-11365,Bill Shonely,10501.653
EH-13765,Edward Hooks,9940.380000000001
JL-15835,John Lee,9576.343
GT-14635,Grant Thornton,9351.212
TB-21400,Tom Boeckenhauer,9108.742
PF-19120,Peter Fuller,9062.864
CM-12385,Christopher Martinez,8954.019999999999
